task,accuracy,precision,recall,f1_score,n_samples
keto,0.59,0.48148148148148145,0.325,0.3880597014925373,100
vegan,0.6,0.0,0.0,0.0,100
