task,accuracy,precision,recall,f1_score,n_samples
keto,0.66,0.65,0.325,0.43333333333333335,100
vegan,0.6,0.5,0.25,0.3333333333333333,100
